<?xml version="1.0" encoding="UTF-8"?>
<project-private xmlns="http://www.netbeans.org/ns/project-private/1">
    <editor-bookmarks xmlns="http://www.netbeans.org/ns/editor-bookmarks/2" lastBookmarkId="0"/>
    <open-files xmlns="http://www.netbeans.org/ns/projectui-open-files/2">
        <group>
            <file>file:/S:/2m/jgruenauer17/MGIN/1SUebung18.09.2018/Daten</file>
            <file>file:/S:/2m/jgruenauer17/MGIN/1SUebung18.09.2018/src/pkg1suebung18/pkg09/pkg2018/Main.java</file>
        </group>
    </open-files>
</project-private>
